FID,Northing,Easting,Latitude,Longitude,Elevation,GCP,Location,Bound,KM_Marker,GCP_Name,Remark,Section
0,695039.238204124,271440.939813249,6,100,19,GP91,KEDAH/PERLIS,NB,27,GCP 01,Jitra North Interchange,N1
1,690291.564206435,272076.421294269,6,100,15,GP90,KEDAH/PERLIS,NB,32,GCP 02,Jitra South Interchange (Darul Aman),N1
2,682019.770332088,269121.044460235,6,100,5,GP89,KEDAH/PERLIS,Toll Plaza,41,GCP 03,Hutan Kampung Toll Plaza,N1
3,679441.829050388,267819.26537131,6,100,4,TBM03,KEDAH/PERLIS,Toll Plaza,44,GCP 04,Alor Setar North Toll Plaza,N1
4,673286.186379948,265578.857775063,6,100,3,TBM04,KEDAH/PERLIS,Toll Plaza,50,GCP 05,Alor Setar South Toll Plaza,N1
5,673302.483298288,265632.553132387,6,100,4,GP88,KEDAH/PERLIS,Toll Plaza,50,GCP 06,Alor Setar South Toll Plaza,N1
6,661835.465701359,273299.718738129,6,100,4,GP87,KEDAH/PERLIS,Toll Plaza,64,GCP 07,Pendang Toll Plaza,N2
7,645650.901787529,278129.015064092,6,100,31,GP86,KEDAH/PERLIS,RSA SB,81,GCP 08,RSA Gurun SB,N2
8,640109.142150854,279677.127831068,6,101,29,GP85,KEDAH/PERLIS,SB,87,GCP 09, ,N2
9,628295.691670254,280493.329011034,6,101,12,GP84,KEDAH/PERLIS,Toll Plaza,99,GCP 10,Sg Petani Utara Toll Plaza,N2
10,621600.195726784,277630.926857194,6,100,24,GP83,KEDAH/PERLIS,Toll Plaza,108,GCP 11,Sg Petani Selatan Toll Plaza,N2
11,615544.844561975,272578.801179023,6,100,3,GP82,PULAU PINANG,Layby NB,116,GCP 12,Layby Sungai Muda NB,N3
12,611056.133413437,272950.984838822,6,100,5,GP81,PULAU PINANG,Toll Plaza,121,GCP 13,Bertam Toll Plaza,N3
13,600540.11280125,269698.371896375,5,100,3,GP80,PULAU PINANG,Layby NB,133,GCP 14,Layby Sg Dua NB,N3
14,597801.947484829,270837.582410213,5,100,4,G104,PULAU PINANG,Toll Plaza,7,GCP 15,Kubang Semang Toll Plaza,N7
15,599523.61194485,281106.737680236,5,101,36,PNT01,DL2- OBR Penanti,OBR,17,GCP 16,OBR Penanti,N7
16,599786.013721161,282683.890700473,5,101,17,G103,KEDAH/PERLIS,Toll Plaza EB,19,GCP 17,Lunas Toll Plaza,N7
17,593125.239130431,267217.876211987,5,100,2,GP96,PULAU PINANG,EB,0,GCP 18,Layby Penang Bridge EB,N6
18,593245.57762977,258683.494401923,5,100,4,GP95,PULAU PINANG,IC,0,GCP 19,Udini Interchange,N6
19,595698.604782403,258293.023623416,5,100,11,TBM06,PULAU PINANG,IC,0,GCP 20,Tengku Kudin Interchange,N6
20,592589.665279293,270476.885538958,5,100,2,GP79,PULAU PINANG,Layby SB,142,GCP 21,Layby Juru SB,N3
21,584300.595487065,274322.842510329,5,100,2,GP78,PULAU PINANG,Toll Plaza,151,GCP 22,Bukit Tambun South Toll Plaza,N3
22,579295.344667539,273836.337737615,5,100,2,TBM07,PULAU PINANG,Toll Plaza,155,GCP 23,Bandar Cassia Toll Plaza,N3
23,574346.50222049,277913.207467392,5,100,4,GP76,PULAU PINANG,Toll Plaza,163,GCP 24,Jawi Toll Plaza,N4
24,565580.139911023,284868.6768322,5,101,4,GP75,KEDAH,Toll Plaza,175,GCP 25,Bandar Baharu Toll Plaza,N4
25,562159.773509485,288151.294401367,5,101,3,GP74,KEDAH,Layby NB,180,GCP 26,Layby Alor Pongsu NB,N4
26,561158.175068193,289622.048685654,5,101,5,TBM08,KEDAH,Toll Plaza,182,GCP 27,Alor Pongsu Toll Plaza,N4
27,553111.84481205,295986.692421441,5,101,10,NTISGCP1,PERAK,Toll Plaza,193,GCP 28,Bukit Merah Toll Plaza,N4
28,552549.616396877,297023.529045112,5,101,16,GP73,PERAK,RSA SB,195,GCP 29,RSA Gunung Semanggol SB,N4
29,542071.808780168,297819.898598105,5,101,3,GP72,PERAK,Toll Plaza,205,GCP 30,Taiping North Toll Plaza,N4
30,534723.08913679,298308.941407726,5,101,3,GP71,PERAK,Layby NB,213,GCP 31,Layby Taiping NB,N4
31,529358.772105902,303259.071705271,5,101,11,GP70,PERAK,Toll Plaza,221,GCP 32,Changkat Jering Toll Plaza,N5
32,529096.526363137,313197.841563241,5,101,136,GP69,PERAK,SB,231,GCP 33, ,N5
33,527946.814337285,323391.204113085,5,101,54,GP68,PERAK,Toll Plaza,242,GCP 34,Kuala Kangsar Toll Plaza,N5
34,521985.010014211,328271.678390202,5,101,39,GP67,PERAK,RSA SB,249,GCP 35,RSA Sg Perak SB,N5
35,517987.582304613,339117.242311875,5,101,260,GP66,PERAK,Vista Point NB,263,GCP 36, ,N5
36,516576.011090134,342251.625515748,5,101,78,GP65,PERAK,Toll Plaza,267,GCP 37,Jelapang Utara Toll Plaza,N5
37,507399.612701202,350190.79555858,5,101,59,GP64,PERAK,Toll Plaza,281,GCP 38,Ipoh South Toll Plaza,C1
38,498048.357162062,351009.721878028,5,101,62,GP63,PERAK,Layby NB,291,GCP 39,Layby Simpang Pulai NB,C1
39,492833.885327706,352722.597678061,4,101,50,GP62,PERAK,Toll Plaza,297,GCP 40,Gopeng Toll Plaza,C1
40,489991.433447447,356279.263352705,4,101,93,GP61,PERAK,Layby SB,301,GCP 41,Layby Gunung Tempurung SB,C1
41,475365.469688941,361855.058237407,4,101,69,GP60,PERAK,NB,318,GCP 42, ,C1
42,466375.336248112,364087.679996427,4,101,49,GP59,PERAK,Toll Plaza,327,GCP 43,Tapah Toll Plaza,C1
43,462785.559570518,366155.835183905,4,101,93,TPH04/KK,DL2- Tapah RSA SB,RSA SB,332,GCP 44,RSA Tapah SB,C1
44,462301.09504376,366250.977575269,4,101,89,GP58,PERAK,RSA NB,332,GCP 45,RSA Tapah NB,C1
45,454609.556192027,367107.018904229,4,101,43,GP57,PERAK,Toll Plaza,340,GCP 46,Bidor Toll Plaza,C2
46,447579.903082003,368641.084396439,4,101,43,GP56,PERAK,Layby SB,347,GCP 47,Layby Ladang Bikam SB,C2
47,441566.334739753,369015.442254635,4,101,40,GP55,PERAK,Toll Plaza,353,GCP 48,Sungkai Toll Plaza,C2
48,434067.353215886,372993.325160076,4,101,71,GP54,PERAK,NB,362,GCP 49, ,C2
49,425615.056533742,377904.196511681,4,101,33,GP53,PERAK,Toll Plaza,373,GCP 50,Slim River Toll Plaza,C2
50,418579.077199056,383603.541186986,4,101,39,GP52,PERAK,Layby SB,383,GCP 51,Layby Behrang SB,C2
51,413854.176545725,384903.781065584,4,101,38,GP51,PERAK,Toll Plaza,388,GCP 52,Behrang Toll Plaza,C2
52,405407.368705574,391688.070442337,4,102,58,GP50,KL/SELANGOR,RSA SB,399,GCP 53,RSA Ulu Bernam SB,C2
53,395437.894976037,392546.885036099,4,102,54,GP49,KL/SELANGOR,Toll Plaza,410,GCP 54,Lembah Beringin Toll Plaza,C3
54,386628.267226447,391715.890439789,3,102,35,GP48,KL/SELANGOR,Toll Plaza,420,GCP 55,Bukit Tagar Toll Plaza,C3
55,378998.453835766,395449.255014672,3,102,49,GP47,KL/SELANGOR,Toll Plaza,429,GCP 56,Bukit Beruntung Toll Plaza,C3
56,373259.644700136,394774.287193773,3,102,52,TBM02,KL/SELANGOR,Toll Plaza,435,GCP 57,Sg Buaya Toll Plaza,C3
57,368540.484119086,395892.246077133,3,102,42,GP46,KL/SELANGOR,RSA NB,440,GCP 58,RSA Rawang NB,C3
58,365748.314970515,394801.328679763,3,102,35,GP45,KL/SELANGOR,Toll Plaza,443,GCP 59,Rawang Toll Plaza,C3
59,356610.995815314,397965.548708614,3,102,44,GP44,KL/SELANGOR,Layby SB,454,GCP 60,Layby Sg Buloh SB,C3
60,352996.927487134,398766.235655022,3,102,45,OBR05,DL1- OBR Sungai Buloh,OBR SB,458,GCP 61,OBR Sg Buloh SB,C3
61,353003.430230739,398834.741539525,3,102,52,OBR04,DL1- OBR Sungai Buloh,OBR SB,458,GCP 62,OBR Sg Buloh SB,C3
62,352956.516336463,398996.966987524,3,102,51,OBR06,DL1- OBR Sungai Buloh,OBR SB,458,GCP 63,OBR Sg Buloh SB,C3
63,352790.067907626,399054.369006345,3,102,54,OBR02,DL1- OBR Sungai Buloh,OBR NB,458,GCP 64,OBR Sg Buloh NB,C3
64,352749.931004382,399030.438148059,3,102,54,OBR01,DL1- OBR Sungai Buloh,OBR NB,458,GCP 65,OBR Sg Buloh NB,C3
65,352739.210452198,399088.241836012,3,102,53,OBR03,DL1- OBR Sungai Buloh,OBR NB,458,GCP 66,OBR Sg Buloh NB,C3
66,351654.984585413,407057.058380298,3,102,62,GP43,KL/SELANGOR,Toll Plaza SB,29,GCP 67,Duta Toll Plaza,C4
67,349184.54184109,398988.823554214,3,102,46,GP42,KL/SELANGOR,Toll Plaza,19,GCP 68,Kota Damansara Toll Plaza,C4
68,343641.373273982,399355.701095804,3,102,22,GP41,KL/SELANGOR,Persada,14,GCP 69,PERSADA Subang,C4
69,342109.099305194,387734.370899728,3,101,16,TBM01,KL/SELANGOR,Toll Plaza,2,GCP 70,Setia Alam Toll Plaza,C4
70,340186.116696988,386576.806731252,3,101,13,GP40,KL/SELANGOR,Toll Plaza,0,GCP 71,Bukit Raja Toll Plaza,C4
71,337881.391284188,396872.859738722,3,102,14,GP39,KL/SELANGOR,Toll Plaza,6,GCP 72,Seafield Toll Plaza,C6
72,335093.703033734,397720.517587306,3,102,28,SEA03,DL2- OBR USJ,OBR SB,9,GCP 73,OBR USJ SB,C6
73,334923.847216871,397794.902340495,3,102,19,SEA02,DL2- OBR USJ,OBR SB,9,GCP 74,OBR USJ SB,C6
74,334876.359547237,397777.275540258,3,102,23,SEA01,DL2- OBR USJ,OBR SB,9,GCP 75,OBR USJ SB,C6
75,330648.887087801,397758.485653226,3,102,12,GP38,KL/SELANGOR,Toll Plaza SB,13,GCP 76,Putra Heights Toll Plaza,C6
76,321775.994658487,401496.858295055,3,102,16,DN02,DL1- Dengkil NB,RSA NB,23,GCP 77,RSA Dengkil NB,C6
77,321649.754111286,401555.136688042,3,102,15,DN01,DL1- Dengkil NB,RSA NB,23,GCP 78,RSA Dengkil NB,C6
78,321699.809017533,401638.099444837,3,102,16,GP37,KL/SELANGOR,RSA NB,23,GCP 79,RSA Dengkil NB,C6
79,321648.40489969,401940.370762397,3,102,16,DS02,DL1- Dengkil SB,RSA SB,23,GCP 80,RSA Dengkil SB,C6
80,321528.495089595,401988.591787343,3,102,16,DS01,DL1- Dengkil SB,RSA SB,23,GCP 81,RSA Dengkil SB,C6
81,321378.461324789,402113.957244772,3,102,15,DS03,DL1- Dengkil SB,RSA SB,24,GCP 82,RSA Dengkil SB,C6
82,320998.377022321,402144.365583122,3,102,10,PLUS TBM23,KL/SELANGOR,RSA SB,24,GCP 83,RSA Dengkil SB,C6
83,313590.753961373,407002.882677016,3,102,7,GP36,KL/SELANGOR,Toll Plaza SB,0,GCP 84,KLIA Toll Plaza,C6
84,314429.153498185,411677.701013253,3,102,34,GP35,KL/SELANGOR,NB,37,GCP 85, ,C6
85,316202.782688078,418797.888968489,3,102,40,GP34,MELAKA/N.SEMBILAN,NB,44,GCP 86, ,C6
86,334734.189662364,412908.06581942,3,102,42,GP33,KL/SELANGOR,Layby SB,308,GCP 87,Layby Serdang SB,C5
87,324620.32758557,418235.620656634,3,102,28,GP32,KL/SELANGOR,Toll Plaza,297,GCP 88,Bangi Toll Plaza,C5
88,321721.027197687,418170.238221373,3,102,44,TBM10,KL/SELANGOR,Toll Plaza,294,GCP 89,Southville City Toll Plaza,C5
89,319016.059858492,421380.545841481,3,102,49,GP31,KL/SELANGOR,Toll Plaza,289,GCP 90,Putra Mahkota Toll Plaza,C5
90,313582.910421068,422340.822750783,3,102,69,GP30,MELAKA/N.SEMBILAN,Toll Plaza,284,GCP 91,Nilai Toll Plaza,C5
91,305900.478545448,425888.945218996,3,102,57,GP29,MELAKA/N.SEMBILAN,RSA SB,274,GCP 92,RSA Seremban SB,C5
92,305143.437367593,427706.466949329,3,102,63,SN02,DL1- Seremban Northbound,RSA NB,272,GCP 93,RSA Seremban NB,C5
93,305097.220237041,427754.293520686,3,102,62,SN01,DL1- Seremban Northbound,RSA NB,272,GCP 94,RSA Seremban NB,C5
94,302410.616147561,431976.974572307,3,102,83,TBM11,MELAKA/N.SEMBILAN,Toll Plaza,267,GCP 95,Bandar Ainsdale Toll Plaza,C5
95,297321.810963868,437064.549278619,3,102,42,GP28,MELAKA/N.SEMBILAN,Toll Plaza,260,GCP 96,Port Dickson Toll Plaza NB,S1
96,288808.930293266,429218.986431612,3,102,30,GP98,MELAKA/N.SEMBILAN,EB,17,GCP 97,SPDH,SPDH
97,276901.31313797,429749.568649282,3,102,18,GP97,MELAKA/N.SEMBILAN,EB,30,GCP 98,SPDH,SPDH
98,292148.403761529,444266.607648932,3,102,48,GP27,MELAKA/N.SEMBILAN,Layby SB,250,GCP 99,Layby Senawang SB,S1
99,283964.81539715,449690.145746731,3,102,51,GP26,MELAKA/N.SEMBILAN,Toll Plaza,240,GCP 100,Pedas Linggi Toll Plaza,S1
100,276774.249805198,455108.748441535,3,102,36,GP25,MELAKA/N.SEMBILAN,Layby SB,230,GCP 101,Layby Pedas Linggi SB,S1
101,273079.535911088,458044.942061989,2,102,37,GP24,MELAKA/N.SEMBILAN,Layby NB,225,GCP 102,Layby Pedas Linggi NB,S1
102,270752.544373994,465080.566167081,2,102,36,GP23,MELAKA/N.SEMBILAN,Toll Plaza,218,GCP 103,Simpang Ampat Toll Plaza,S2
103,265121.086414044,469456.918477144,2,102,36,GP22,MELAKA/N.SEMBILAN,RSA SB,210,GCP 104,RSA Ayer Keroh SB,S2
104,261377.280645151,472150.611746146,2,102,35,AKH03,DL2- Ayer Keroh RSA NB,RSA NB,205,GCP 105,RSA Ayer Keroh NB,S2
105,254416.518799463,479243.006058674,2,102,29,GP21,MELAKA/N.SEMBILAN,Toll Plaza,195,GCP 106,Ayer Keroh Toll Plaza,S2
106,250417.533425923,492922.565539056,2,102,34,GP20,MELAKA/N.SEMBILAN,Toll Plaza,181,GCP 107,Jasin Toll Plaza,S2
107,248513.791093049,504143.007415605,2,103,28,GP19,JOHOR,Toll Plaza,169,GCP 108,Tangkak Toll Plaza,S2
108,242606.815877739,513969.490857648,2,103,4,GP18,JOHOR,Toll Plaza,157,GCP 109,Bukit Gambir Toll Plaza,S2
109,235766.061930427,525881.519201181,2,103,35,GP17,JOHOR,Toll Plaza,143,GCP 110,Pagoh Toll Plaza,S3
110,234793.37643719,532949.08820726,2,103,42,PGH03,DL2- Pagoh RSA SB,RSA SB,135,GCP 111,RSA Pagoh SB,S3
111,233257.19827064,535566.390960844,2,103,10,GP16,JOHOR,NB,132,GCP 112, ,S3
112,229593.481880996,545270.130142203,2,103,32,GP15,JOHOR,NB,121,GCP 113, ,S3
113,228438.137490775,553737.821511615,2,103,13,GP14,JOHOR,Layby NB,109,GCP 114,Layby Yong Peng NB,S3
114,221487.384376065,561040.103858807,2,103,13,GP13,JOHOR,Toll Plaza,99,GCP 115,Yong Peng North Toll Plaza,S3
115,218953.195639539,567768.710414429,2,103,6,GP12,JOHOR,NB,91,GCP 116, ,S3
116,213513.717885514,576496.743882305,2,103,11,GP11,JOHOR,Toll Plaza,81,GCP 117,Ayer Hitam Toll Plaza,S3
117,209663.011250866,580946.413690995,2,103,25,MCP01,DL2- Machap RSA NB,RSA NB,75,GCP 118,RSA Machap NB,S3
118,209665.897277108,581223.72759407,2,103,19,GP10,JOHOR,RSA SB,75,GCP 119,RSA Machap SB,S3
119,202789.097309347,588181.41879626,2,103,11,GP09,JOHOR,SB,65,GCP 120, ,S4
120,195307.36890221,594949.096033905,2,103,31,GP08,JOHOR,Layby NB,54,GCP 121,Layby Simpang Renggam NB,S4
121,189127.342816855,605764.54484495,2,103,29,GP07,JOHOR,Toll Plaza,42,GCP 122,Sedenak Toll Plaza,S4
122,183157.24761992,612543.02702277,2,104,14,GP06,JOHOR,Layby NB,33,GCP 123,Layby Kulai NB,S4
123,182540.428218952,617700.591256,2,104,29,GP05,JOHOR,Toll Plaza,28,GCP 124,Kulai Toll Plaza,S4
124,179022.370727716,628863.660824411,2,104,27,TBM14,JOHOR,IC,35,GCP 125,Senai/Desaru Interchange,S6
125,177808.005968144,628508.545691445,2,104,25,G102,JOHOR,IC,34,GCP 126, ,S6
126,177566.61221184,625639.521191795,2,104,34,TBM13,JOHOR,IC,31,GCP 127,Indahpura Interchange,S6
127,174901.204164993,627945.334584928,2,104,30,GP03,JOHOR,Toll Plaza,15,GCP 128,Skudai Toll Plaza,S4
128,171766.276356921,634043.317627346,2,104,23,GP02,JOHOR,Toll Plaza,8,GCP 129,Kempas Toll Plaza,S5
129,168421.473352691,640693.787381688,2,104,7,GP01,JOHOR,NB,0,GCP 130,Pandan Interchange,S5
130,176804.624398836,624219.071802723,2,104,35,G101,JOHOR,Toll Plaza,19,GCP 131,Senai North Toll Plaza,S4
131,174395.605547691,623004.458051247,2,104,40,GP04,JOHOR,EB,27,GCP 132,Pulai Jaya Interchange,S6
132,163385.254417082,627133.443474058,1,104,34,TBM12,JOHOR,WB,19,GCP 133,Medical Park Interchange,S6
133,160681.377107912,624358.698631633,1,104,31,G100,JOHOR,SB,13,GCP 134,Iskandar Puteri Interchange,S6
134,154698.69986102,621033.143430218,1,104,21,GPH03,DL2- Gelang Patah RSA NB,RSA NB,6,GCP 135,RSA Gelang Patah NB,S6
135,153433.372232282,621854.488221931,1,104,25,GP99,JOHOR,RSA SB,4,GCP 136,RSA Gelang Patah SB,S6